{
    "accuracies": [
        0.3882,
        0.4694,
        0.5013,
        0.5151,
        0.5521,
        0.5383,
        0.5538,
        0.5715,
        0.5754,
        0.5838,
        0.5935,
        0.5985,
        0.5973,
        0.6189,
        0.5981,
        0.6211,
        0.6119,
        0.6341,
        0.644,
        0.6422,
        0.6327,
        0.6463,
        0.6431,
        0.6538,
        0.6697,
        0.6429,
        0.6637,
        0.6658,
        0.6676,
        0.6655,
        0.6768,
        0.6702,
        0.6686,
        0.6752,
        0.684,
        0.6928,
        0.6959,
        0.6829,
        0.6863,
        0.68,
        0.6989,
        0.6921,
        0.6872,
        0.7027,
        0.7129,
        0.7113,
        0.707,
        0.6925,
        0.6949,
        0.7048,
        0.7175,
        0.7186,
        0.7142,
        0.7253,
        0.7091,
        0.7149,
        0.7165,
        0.7313,
        0.7091,
        0.7312,
        0.7307,
        0.7216,
        0.7191,
        0.729,
        0.7128,
        0.7266,
        0.7356,
        0.7391,
        0.7359,
        0.7223,
        0.7342,
        0.7315,
        0.7204,
        0.7431,
        0.7318,
        0.7307,
        0.7385,
        0.7383,
        0.6882,
        0.7418,
        0.7401,
        0.7206,
        0.7273,
        0.7494,
        0.7431,
        0.7457,
        0.7345,
        0.7314,
        0.7541,
        0.7432,
        0.7559,
        0.7447,
        0.7457,
        0.7467,
        0.7344,
        0.7462,
        0.7538,
        0.7246,
        0.7355,
        0.7462
    ],
    "test_losses": [
        1.637673158454895,
        1.4522912643432617,
        1.3745248697280883,
        1.3356815998077392,
        1.2546209670066832,
        1.2817944938659669,
        1.2478740184783936,
        1.1995117101669313,
        1.1803020619392395,
        1.152448897075653,
        1.1430192578315734,
        1.1156035084724427,
        1.1166270449638367,
        1.064317158317566,
        1.1266864246368409,
        1.0549778175354003,
        1.0657552202224732,
        1.040439970111847,
        0.9917696346282959,
        1.0139943623542786,
        1.0351526021003723,
        1.009460640335083,
        1.011604301071167,
        0.9853537810325622,
        0.9392627945899963,
        1.0187063447952271,
        0.9462116283416748,
        0.9342477758407592,
        0.9441225845336914,
        0.963993198299408,
        0.9108125267982483,
        0.9433009908676148,
        0.9520858169555664,
        0.9246907163143158,
        0.8913889951705932,
        0.8760987929821015,
        0.8648560998916626,
        0.8937426212310791,
        0.8813252703666687,
        0.9007635127067566,
        0.8598991446495056,
        0.8814141646385193,
        0.9008661130905151,
        0.8449776101589203,
        0.8253400119781494,
        0.8380928500652314,
        0.8342066128253937,
        0.8805327519416809,
        0.8876307792663575,
        0.8440898205757141,
        0.7969445608139039,
        0.7922930320739746,
        0.8161042016983032,
        0.7931590542793274,
        0.8373111275672913,
        0.802152815246582,
        0.8052574063301087,
        0.777042977809906,
        0.8602717066764831,
        0.7733160870075226,
        0.7766619020462037,
        0.8102445274353027,
        0.8118983252525329,
        0.7647167969703674,
        0.8610699851989746,
        0.7911978475093842,
        0.7626842143058777,
        0.751197644329071,
        0.7521835700035095,
        0.7979169213294983,
        0.7695382192611694,
        0.7720041193008423,
        0.802845786857605,
        0.7352667176246643,
        0.7761408243179321,
        0.7832045802116394,
        0.7661916938781739,
        0.7768534824371338,
        0.9700132112503052,
        0.7462381259918213,
        0.7435091235160828,
        0.8379702333450317,
        0.825002775478363,
        0.7254095254421234,
        0.7417241070270538,
        0.7443419486999512,
        0.7648864708900451,
        0.778513171005249,
        0.7275359377861023,
        0.7557590347290039,
        0.7319956676483155,
        0.7407235112190247,
        0.7409959670066834,
        0.7336503914833069,
        0.8007119935035706,
        0.7529788833618164,
        0.7110092202186584,
        0.7980206267356873,
        0.7926116751670838,
        0.722074480342865
    ],
    "train_losses": [
        1.8771667989730836,
        1.5654075561523437,
        1.4314865978240967,
        1.3502213401794434,
        1.312667000732422,
        1.262808314857483,
        1.2330534970855713,
        1.1997932333755492,
        1.1753918125152587,
        1.1471825413131713,
        1.1302202199554443,
        1.1097820428848266,
        1.0862975649642945,
        1.0576360318374634,
        1.049803586769104,
        1.0273912607574462,
        1.0228591576766968,
        1.0059784430122376,
        0.9898731748199463,
        0.9730910874557495,
        0.9589255651855468,
        0.9472536278152466,
        0.9390248674201965,
        0.9239045141410828,
        0.9186795718765258,
        0.9067638104629516,
        0.8884036354064941,
        0.8854952122306824,
        0.878208171043396,
        0.8697648351860047,
        0.8581787418365479,
        0.8478714265823364,
        0.8408242612075806,
        0.8344059463119506,
        0.828875380859375,
        0.8168396722984314,
        0.815881074962616,
        0.8066527702522278,
        0.7895732336616517,
        0.7823365078544616,
        0.7866806236076355,
        0.7818639354133606,
        0.7762831694221497,
        0.7718198544120789,
        0.7688001994132996,
        0.7473991025733948,
        0.7566701773452759,
        0.7447350505447388,
        0.7431344355773926,
        0.7380204446792602,
        0.7273509862136841,
        0.7171147394180298,
        0.7230009790229798,
        0.7282067853927612,
        0.7136138221359253,
        0.7030572834205627,
        0.7007794828414917,
        0.7028593635749817,
        0.6909420262336731,
        0.6967525597572327,
        0.6908884660148621,
        0.6903231261634827,
        0.6814777095031739,
        0.6767398989868164,
        0.6787806306648254,
        0.6680989457321167,
        0.665775672340393,
        0.64868090259552,
        0.6532529603195191,
        0.648403099975586,
        0.6598254379653931,
        0.6527877638149262,
        0.6515248522281647,
        0.6460364450454712,
        0.6405742627334595,
        0.6455085789108277,
        0.6369494037437439,
        0.6289787409782409,
        0.6259464903068542,
        0.6328054859542847,
        0.6266937198257446,
        0.624010416431427,
        0.6282475091743469,
        0.6199446320724488,
        0.6190296588134766,
        0.620524164390564,
        0.6118724390220642,
        0.6027319684410095,
        0.6103849729156494,
        0.6155408164405822,
        0.6049460384941101,
        0.6018240941619873,
        0.5971334067153931,
        0.6040234424686431,
        0.5925431334114075,
        0.604567309551239,
        0.5967318048858643,
        0.589454082479477,
        0.5945972190666199,
        0.5932898630619049
    ]
}